Data;Dólar;Euro;Iene;Exportações;Importações;SELIC;Balança Comercial
22/02/2024;4.9419;5.3432;0.03284;976.3458692;1554.031403;11.25;-123.8172414
23/02/2024;4.9851;5.3979;0.03312;1066.529888;2020.822375;11.25;-123.8172414
24/02/2024;5.530926667;5.944090588;0.036309176;934.1907155;1169.436734;11.25;-123.8172414
25/02/2024;5.530926667;5.944090588;0.036309176;934.1907155;1169.436734;11.25;-123.8172414
26/02/2024;4.9819;5.4064;0.03305;748.8332772;1060.448561;11.25;-123.8172414
27/02/2024;4.9575;5.3779;0.03295;1210.813222;1079.854453;11.25;-123.8172414
28/02/2024;4.9557;5.369;0.03286;916.9891477;1370.106341;11.25;-123.8172414
29/02/2024;4.9833;5.3939;0.0333;682.2460986;1139.407973;11.25;-123.8172414
01/03/2024;4.9596;5.3747;0.03304;801.691276;717.0514042;11.25;-121.8064516
02/03/2024;5.530926667;5.944090588;0.036309176;934.1907155;1169.436734;11.25;-121.8064516
03/03/2024;5.530926667;5.944090588;0.036309176;934.1907155;1169.436734;11.25;-121.8064516
04/03/2024;4.9475;5.3755;0.03288;649.4607256;589.0592429;11.25;-121.8064516
05/03/2024;4.9488;5.3813;0.033;753.0502238;986.7267502;11.25;-121.8064516
06/03/2024;4.9398;5.3873;0.03307;869.9994134;1919.654336;11.25;-121.8064516
07/03/2024;4.9364;5.3965;0.03332;882.2462048;794.6257168;11.25;-121.8064516
08/03/2024;4.9751;5.4537;0.03384;823.7846934;2116.363767;11.25;-121.8064516
09/03/2024;5.530926667;5.944090588;0.036309176;934.1907155;1169.436734;11.25;-121.8064516
10/03/2024;5.530926667;5.944090588;0.036309176;934.1907155;1169.436734;11.25;-121.8064516
11/03/2024;4.9777;5.4401;0.0339;702.1320422;1073.719595;11.25;-121.8064516
12/03/2024;4.9813;5.4396;0.03373;833.2449185;1093.153564;11.25;-121.8064516
13/03/2024;4.9803;5.4504;0.03371;861.0637432;1145.261079;11.25;-121.8064516
14/03/2024;4.9768;5.4187;0.03359;900.0451138;1593.367009;11.25;-121.8064516
15/03/2024;4.9937;5.4376;0.03349;685.0445573;1174.395313;11.25;-121.8064516
16/03/2024;5.530926667;5.944090588;0.036309176;934.1907155;1169.436734;11.25;-121.8064516
17/03/2024;5.530926667;5.944090588;0.036309176;934.1907155;1169.436734;11.25;-121.8064516
18/03/2024;5.0124;5.457;0.03361;795.9480439;1517.753415;11.25;-121.8064516
19/03/2024;5.0352;5.4687;0.03341;909.2438873;1170.843863;11.25;-121.8064516
20/03/2024;5.012;5.441;0.03305;1148.582655;1197.617639;11.25;-121.8064516
21/03/2024;4.9807;5.4105;0.03286;1416.349284;976.8570695;10.75;-121.8064516
22/03/2024;4.9897;5.3979;0.03297;999.0659711;1598.397879;10.75;-121.8064516
23/03/2024;5.530926667;5.944090588;0.036309176;934.1907155;1169.436734;10.75;-121.8064516
24/03/2024;5.530926667;5.944090588;0.036309176;934.1907155;1169.436734;10.75;-121.8064516
25/03/2024;4.9869;5.4043;0.03293;1313.776357;1296.490335;10.75;-121.8064516
26/03/2024;4.987;5.4009;0.0329;1239.687748;1885.686041;10.75;-121.8064516
27/03/2024;4.9856;5.3954;0.03294;1125.330692;2366.623083;10.75;-121.8064516
28/03/2024;4.9962;5.3979;0.03301;668.3929183;2011.241828;10.75;-121.8064516
29/03/2024;5.530926667;5.944090588;0.036309176;934.1907155;1169.436734;10.75;-121.8064516
30/03/2024;5.530926667;5.944090588;0.036309176;934.1907155;1169.436734;10.75;-121.8064516
31/03/2024;5.530926667;5.944090588;0.036309176;934.1907155;1169.436734;10.75;-121.8064516
01/04/2024;5.0532;5.4236;0.03331;482.412665;1654.530756;10.75;-44.65
02/04/2024;5.0476;5.4368;0.03331;703.6356853;999.8605912;10.75;-44.65
03/04/2024;5.0724;5.4929;0.03344;716.0483958;1427.130098;10.75;-44.65
04/04/2024;5.0237;5.4593;0.03313;837.0378853;1219.735845;10.75;-44.65
05/04/2024;5.052;5.4774;0.03333;553.3786732;1331.398772;10.75;-44.65
06/04/2024;5.530926667;5.944090588;0.036309176;934.1907155;1169.436734;10.75;-44.65
07/04/2024;5.530926667;5.944090588;0.036309176;934.1907155;1169.436734;10.75;-44.65
08/04/2024;5.0421;5.4727;0.03322;985.8598708;738.8154857;10.75;-44.65
09/04/2024;5.008;5.4367;0.03301;762.1852621;820.558471;10.75;-44.65
10/04/2024;5.0654;5.4397;0.03313;693.5709251;1788.30751;10.75;-44.65
11/04/2024;5.0765;5.444;0.03314;609.4385037;1372.78731;10.75;-44.65
12/04/2024;5.1364;5.4698;0.03354;730.9273334;1915.553219;10.75;-44.65
13/04/2024;5.530926667;5.944090588;0.036309176;934.1907155;1169.436734;10.75;-44.65
14/04/2024;5.530926667;5.944090588;0.036309176;934.1907155;1169.436734;10.75;-44.65
15/04/2024;5.1746;5.5078;0.03355;715.2371023;1697.096271;10.75;-44.65
16/04/2024;5.2635;5.5951;0.03405;703.1479777;1477.018183;10.75;-44.65
17/04/2024;5.2469;5.5853;0.03394;819.2177274;1337.55197;10.75;-44.65
18/04/2024;5.2512;5.5983;0.03397;716.0449798;1744.81304;10.75;-44.65
19/04/2024;5.2269;5.5708;0.03382;939.9861501;1102.992287;10.75;-44.65
20/04/2024;5.530926667;5.944090588;0.036309176;934.1907155;1169.436734;10.75;-44.65
21/04/2024;5.530926667;5.944090588;0.036309176;934.1907155;1169.436734;10.75;-44.65
22/04/2024;5.2043;5.541;0.03363;1137.176369;1344.712553;10.75;-44.65
23/04/2024;5.1626;5.5224;0.03335;1138.603096;736.8180961;10.75;-44.65
24/04/2024;5.1592;5.5142;0.03326;978.3661347;1293.129854;10.75;-44.65
25/04/2024;5.1679;5.541;0.03323;1252.838733;1514.371334;10.75;-44.65
26/04/2024;5.1184;5.4711;0.03247;1183.084858;2487.324467;10.75;-44.65
27/04/2024;5.530926667;5.944090588;0.036309176;934.1907155;1169.436734;10.75;-44.65
28/04/2024;5.530926667;5.944090588;0.036309176;934.1907155;1169.436734;10.75;-44.65
29/04/2024;5.1155;5.4828;0.03265;931.9296413;2895.192609;10.75;-44.65
30/04/2024;5.1718;5.5261;0.03283;691.7182693;1967.862579;10.75;-44.65
01/05/2024;5.530926667;5.944090588;0.036309176;934.1907155;1169.436734;10.75;-68.21935484
02/05/2024;5.1184;5.4803;0.03329;1346.319581;920.406905;10.75;-68.21935484
03/05/2024;5.0668;5.4569;0.03315;1055.427149;926.9496191;10.75;-68.21935484
04/05/2024;5.530926667;5.944090588;0.036309176;934.1907155;1169.436734;10.75;-68.21935484
05/05/2024;5.530926667;5.944090588;0.036309176;934.1907155;1169.436734;10.75;-68.21935484
06/05/2024;5.0727;5.4689;0.03297;668.8717827;796.3878606;10.75;-68.21935484
07/05/2024;5.061;5.4502;0.03274;913.266487;919.0407361;10.75;-68.21935484
08/05/2024;5.0887;5.4739;0.03274;699.9477526;979.1888649;10.75;-68.21935484
09/05/2024;5.1577;5.5554;0.03313;717.3282242;1487.246573;10.5;-68.21935484
10/05/2024;5.1464;5.5447;0.03302;579.6493408;685.1106196;10.5;-68.21935484
11/05/2024;5.530926667;5.944090588;0.036309176;934.1907155;1169.436734;10.5;-68.21935484
12/05/2024;5.530926667;5.944090588;0.036309176;934.1907155;1169.436734;10.5;-68.21935484
13/05/2024;5.1412;5.551;0.03292;510.7510444;837.3655621;10.5;-68.21935484
14/05/2024;5.1356;5.5562;0.03281;887.3367134;1072.186476;10.5;-68.21935484
15/05/2024;5.1423;5.5856;0.03317;937.1619215;786.3133284;10.5;-68.21935484
16/05/2024;5.127;5.5761;0.03302;1003.833349;846.8562277;10.5;-68.21935484
17/05/2024;5.1157;5.5613;0.03289;943.8471106;963.8729694;10.5;-68.21935484
18/05/2024;5.530926667;5.944090588;0.036309176;934.1907155;1169.436734;10.5;-68.21935484
19/05/2024;5.530926667;5.944090588;0.036309176;934.1907155;1169.436734;10.5;-68.21935484
20/05/2024;5.1085;5.5489;0.03273;672.3962602;1201.406726;10.5;-68.21935484
21/05/2024;5.1037;5.5406;0.0327;1019.089626;1553.483623;10.5;-68.21935484
22/05/2024;5.1502;5.5818;0.03291;1146.740136;1782.515935;10.5;-68.21935484
23/05/2024;5.1443;5.5702;0.03276;1000.623259;1324.188027;10.5;-68.21935484
24/05/2024;5.1508;5.5902;0.03283;1094.539472;2274.111469;10.5;-68.21935484
25/05/2024;5.530926667;5.944090588;0.036309176;934.1907155;1169.436734;10.5;-68.21935484
26/05/2024;5.530926667;5.944090588;0.036309176;934.1907155;1169.436734;10.5;-68.21935484
27/05/2024;5.1704;5.6161;0.03296;779.5412307;1470.682282;10.5;-68.21935484
28/05/2024;5.1538;5.6078;0.03285;1318.236524;2359.705771;10.5;-68.21935484
29/05/2024;5.1972;5.6187;0.03298;1305.715772;2124.401344;10.5;-68.21935484
30/05/2024;5.530926667;5.944090588;0.036309176;934.1907155;1169.436734;10.5;-68.21935484
31/05/2024;5.2416;5.6856;0.03335;495.0187973;1206.771895;10.5;-68.21935484
01/06/2024;5.530926667;5.944090588;0.036309176;934.1907155;1169.436734;10.5;-137.56
02/06/2024;5.530926667;5.944090588;0.036309176;934.1907155;1169.436734;10.5;-137.56
03/06/2024;5.2373;5.705;0.03357;709.7043187;1363.079254;10.5;-137.56
04/06/2024;5.2687;5.7323;0.03403;628.373579;1560.763827;10.5;-137.56
05/06/2024;5.2841;5.7406;0.03383;620.2578239;1022.851216;10.5;-137.56
06/06/2024;5.2681;5.7338;0.03378;1043.736067;1909.23141;10.5;-137.56
07/06/2024;5.2802;5.7074;0.03372;593.146977;950.3240961;10.5;-137.56
08/06/2024;5.530926667;5.944090588;0.036309176;934.1907155;1169.436734;10.5;-137.56
09/06/2024;5.530926667;5.944090588;0.036309176;934.1907155;1169.436734;10.5;-137.56
10/06/2024;5.3666;5.7702;0.0342;669.8321156;1110.604666;10.5;-137.56
11/06/2024;5.3524;5.7458;0.03402;747.4021855;761.3831693;10.5;-137.56
12/06/2024;5.3891;5.8439;0.03457;824.6201997;1325.634535;10.5;-137.56
13/06/2024;5.3974;5.8054;0.03443;1020.128914;1344.191212;10.5;-137.56
14/06/2024;5.363;5.7389;0.0341;773.6783651;1145.767848;10.5;-137.56
15/06/2024;5.530926667;5.944090588;0.036309176;934.1907155;1169.436734;10.5;-137.56
16/06/2024;5.530926667;5.944090588;0.036309176;934.1907155;1169.436734;10.5;-137.56
17/06/2024;5.413;5.8049;0.03431;648.5943291;1057.584394;10.5;-137.56
18/06/2024;5.4074;5.8075;0.03427;829.8254732;1092.744393;10.5;-137.56
19/06/2024;5.4647;5.8751;0.0346;765.1322613;1318.41075;10.5;-137.56
20/06/2024;5.4254;5.809;0.03417;1254.466893;1428.382054;10.5;-137.56
21/06/2024;5.4416;5.8198;0.03413;1093.644121;856.4301196;10.5;-137.56
22/06/2024;5.530926667;5.944090588;0.036309176;934.1907155;1169.436734;10.5;-137.56
23/06/2024;5.530926667;5.944090588;0.036309176;934.1907155;1169.436734;10.5;-137.56
24/06/2024;5.4;5.7931;0.03381;1349.311981;852.6942288;10.5;-137.56
25/06/2024;5.429;5.8117;0.034;937.7984092;1317.053049;10.5;-137.56
26/06/2024;5.5097;5.8866;0.03429;1046.866198;2483.04777;10.5;-137.56
27/06/2024;5.5229;5.9145;0.03437;1064.551557;2821.805683;10.5;-137.56
28/06/2024;5.5589;5.9547;0.03456;661.8951379;1577.118669;10.5;-137.56
29/06/2024;5.530926667;5.944090588;0.036309176;934.1907155;1169.436734;10.5;-137.56
30/06/2024;5.530926667;5.944090588;0.036309176;934.1907155;1169.436734;10.5;-137.56
01/07/2024;5.5893;5.9968;0.0346;706.7045509;1041.096695;10.5;-161.3741935
02/07/2024;5.6677;6.086;0.03509;1568.118302;1677.100465;10.5;-161.3741935
03/07/2024;5.5863;6.0326;0.0346;813.8452959;894.9390792;10.5;-161.3741935
04/07/2024;5.4839;5.9297;0.03403;833.2920224;1121.783371;10.5;-161.3741935
05/07/2024;5.497;5.9533;0.0342;832.5172839;909.360756;10.5;-161.3741935
06/07/2024;5.530926667;5.944090588;0.036309176;934.1907155;1169.436734;10.5;-161.3741935
07/07/2024;5.530926667;5.944090588;0.036309176;934.1907155;1169.436734;10.5;-161.3741935
08/07/2024;5.472;5.93;0.03404;867.7443156;825.6873275;10.5;-161.3741935
09/07/2024;5.4387;5.882;0.0337;469.2970859;396.2775762;10.5;-161.3741935
10/07/2024;5.3967;5.8419;0.03337;981.9171756;1219.741096;10.5;-161.3741935
11/07/2024;5.41;5.8818;0.03412;875.8227157;1154.788152;10.5;-161.3741935
12/07/2024;5.4529;5.9448;0.03454;855.3568873;983.0164629;10.5;-161.3741935
13/07/2024;5.530926667;5.944090588;0.036309176;934.1907155;1169.436734;10.5;-161.3741935
14/07/2024;5.530926667;5.944090588;0.036309176;934.1907155;1169.436734;10.5;-161.3741935
15/07/2024;5.4563;5.955;0.03456;758.0436588;765.2255565;10.5;-161.3741935
16/07/2024;5.4274;5.9088;0.03423;844.7578494;762.2997801;10.5;-161.3741935
17/07/2024;5.467;5.9776;0.03492;890.7297786;990.7133074;10.5;-161.3741935
18/07/2024;5.5426;6.0492;0.03531;703.4276494;1103.13991;10.5;-161.3741935
19/07/2024;5.5543;6.0486;0.03529;811.4414046;1004.778984;10.5;-161.3741935
20/07/2024;5.530926667;5.944090588;0.036309176;934.1907155;1169.436734;10.5;-161.3741935
21/07/2024;5.530926667;5.944090588;0.036309176;934.1907155;1169.436734;10.5;-161.3741935
22/07/2024;5.5598;6.0502;0.03539;1063.720389;1341.02172;10.5;-161.3741935
23/07/2024;5.5807;6.0584;0.03577;1132.93546;974.8090908;10.5;-161.3741935
24/07/2024;5.6346;6.1164;0.03674;1153.60425;1361.3075;10.5;-161.3741935
25/07/2024;5.6402;6.1264;0.03663;975.9907144;1364.655524;10.5;-161.3741935
26/07/2024;5.6465;6.1321;0.0367;872.1777403;1208.977433;10.5;-161.3741935
27/07/2024;5.530926667;5.944090588;0.036309176;934.1907155;1169.436734;10.5;-161.3741935
28/07/2024;5.530926667;5.944090588;0.036309176;934.1907155;1169.436734;10.5;-161.3741935
29/07/2024;5.6479;6.1116;0.03669;865.2714315;2066.787426;10.5;-161.3741935
30/07/2024;5.6532;6.1111;0.03677;1098.55452;1353.726885;10.5;-161.3741935
31/07/2024;5.6621;6.1287;0.03765;655.5450517;1298.685647;10.5;-161.3741935
01/08/2024;5.6681;6.1153;0.03777;629.5847052;1449.087521;10.5;-222.7483871
02/08/2024;5.7366;6.2609;0.03903;596.4893618;1096.224234;10.5;-222.7483871
03/08/2024;5.530926667;5.944090588;0.036309176;934.1907155;1169.436734;10.5;-222.7483871
04/08/2024;5.530926667;5.944090588;0.036309176;934.1907155;1169.436734;10.5;-222.7483871
05/08/2024;5.7646;6.3163;0.04004;761.5951043;1116.113169;10.5;-222.7483871
06/08/2024;5.6528;6.1762;0.03895;976.5857221;1057.082391;10.5;-222.7483871
07/08/2024;5.6093;6.1282;0.03805;852.3857696;634.2601199;10.5;-222.7483871
08/08/2024;5.6172;6.1306;0.03819;1061.561678;752.289401;10.5;-222.7483871
09/08/2024;5.5115;6.0208;0.03762;915.8084901;746.4353345;10.5;-222.7483871
10/08/2024;5.530926667;5.944090588;0.036309176;934.1907155;1169.436734;10.5;-222.7483871
11/08/2024;5.530926667;5.944090588;0.036309176;934.1907155;1169.436734;10.5;-222.7483871
12/08/2024;5.4911;6.0007;0.03722;746.0540082;776.1281985;10.5;-222.7483871
13/08/2024;5.4875;6.011;0.03734;1009.64093;1234.243706;10.5;-222.7483871
14/08/2024;5.4502;6.0083;0.03711;975.3561024;1172.13334;10.5;-222.7483871
15/08/2024;5.4651;6.004;0.0367;1058.747119;1101.480846;10.5;-222.7483871
16/08/2024;5.4632;6.0073;0.03688;819.4758998;673.701749;10.5;-222.7483871
17/08/2024;5.530926667;5.944090588;0.036309176;934.1907155;1169.436734;10.5;-222.7483871
18/08/2024;5.530926667;5.944090588;0.036309176;934.1907155;1169.436734;10.5;-222.7483871
19/08/2024;5.4237;6.004;0.03704;1119.214424;674.6413707;10.5;-222.7483871
20/08/2024;5.4547;6.0585;0.03744;851.4858487;985.1948091;10.5;-222.7483871
21/08/2024;5.4707;6.096;0.03768;881.7203867;806.3189456;10.5;-222.7483871
22/08/2024;5.5524;6.1704;0.03804;1371.22861;966.3969334;10.5;-222.7483871
23/08/2024;5.5263;6.1762;0.03815;897.0419765;739.9010087;10.5;-222.7483871
24/08/2024;5.530926667;5.944090588;0.036309176;934.1907155;1169.436734;10.5;-222.7483871
25/08/2024;5.530926667;5.944090588;0.036309176;934.1907155;1169.436734;10.5;-222.7483871
26/08/2024;5.4921;6.1314;0.03801;1261.332714;894.0047953;10.5;-222.7483871
27/08/2024;5.4969;6.1351;0.0381;1017.598338;1081.113521;10.5;-222.7483871
28/08/2024;5.5315;6.1549;0.03829;1076.139037;1821.380523;10.5;-222.7483871
29/08/2024;5.6358;6.2478;0.03887;1018.187693;2104.821419;10.5;-222.7483871
30/08/2024;5.6562;6.2563;0.03875;520.5899284;978.0166008;10.5;-222.7483871
31/08/2024;5.530926667;5.944090588;0.036309176;934.1907155;1169.436734;10.5;-222.7483871
01/09/2024;5.530926667;5.944090588;0.036309176;934.1907155;1169.436734;10.5;-227.11
02/09/2024;5.623;6.2241;0.03827;593.5339279;467.5701058;10.5;-227.11
03/09/2024;5.6224;6.2088;0.03855;997.6700627;919.1484739;10.5;-227.11
04/09/2024;5.6359;6.2451;0.03905;808.8592977;970.4700171;10.5;-227.11
05/09/2024;5.6049;6.2192;0.03908;1085.658173;744.7767401;10.5;-227.11
06/09/2024;5.5702;6.1751;0.03919;1002.244276;1102.799;10.5;-227.11
07/09/2024;5.530926667;5.944090588;0.036309176;934.1907155;1169.436734;10.5;-227.11
08/09/2024;5.530926667;5.944090588;0.036309176;934.1907155;1169.436734;10.5;-227.11
09/09/2024;5.6097;6.1942;0.03925;792.619145;732.7746167;10.5;-227.11
10/09/2024;5.6254;6.2026;0.03954;757.1178792;976.146276;10.5;-227.11
11/09/2024;5.6387;6.2099;0.03979;781.305372;566.7361289;10.5;-227.11
12/09/2024;5.6554;6.2441;0.03976;1174.903375;1053.332938;10.5;-227.11
13/09/2024;5.5717;6.1768;0.03961;1104.534405;1762.454705;10.5;-227.11
14/09/2024;5.530926667;5.944090588;0.036309176;934.1907155;1169.436734;10.5;-227.11
15/09/2024;5.530926667;5.944090588;0.036309176;934.1907155;1169.436734;10.5;-227.11
16/09/2024;5.5207;6.1407;0.03921;913.314597;579.391212;10.5;-227.11
17/09/2024;5.501;6.1155;0.0388;1129.41257;748.0700682;10.5;-227.11
18/09/2024;5.4767;6.0879;0.03859;1143.061382;840.2573828;10.5;-227.11
19/09/2024;5.4189;6.041;0.03793;1260.355158;1042.878567;10.75;-227.11
20/09/2024;5.4775;6.1123;0.03806;1271.343174;1355.245601;10.75;-227.11
21/09/2024;5.530926667;5.944090588;0.036309176;934.1907155;1169.436734;10.75;-227.11
22/09/2024;5.530926667;5.944090588;0.036309176;934.1907155;1169.436734;10.75;-227.11
23/09/2024;5.5446;6.1711;0.03862;1014.009242;1014.29613;10.75;-227.11
24/09/2024;5.4702;6.0998;0.03805;1377.135718;897.3856397;10.75;-227.11
25/09/2024;5.4736;6.0992;0.0379;1381.159853;1309.821828;10.75;-227.11
26/09/2024;5.4412;6.0849;0.03817;1255.295191;1532.409456;10.75;-227.11
27/09/2024;5.4431;6.074;0.03817;1257.982433;2093.165203;10.75;-227.11
28/09/2024;5.530926667;5.944090588;0.036309176;934.1907155;1169.436734;10.75;-227.11
29/09/2024;5.530926667;5.944090588;0.036309176;934.1907155;1169.436734;10.75;-227.11
30/09/2024;5.4481;6.0719;0.03803;570.6710454;1526.641402;10.75;-227.11
01/10/2024;5.4521;6.0338;0.03795;895.5824306;1070.859021;10.75;-194.4645161
02/10/2024;5.4305;6.0007;0.03719;860.3709366;913.8618578;10.75;-194.4645161
03/10/2024;5.485;6.0423;0.03736;650.6620152;1042.745165;10.75;-194.4645161
04/10/2024;5.4686;5.9941;0.03678;820.1683607;1288.26545;10.75;-194.4645161
05/10/2024;5.530926667;5.944090588;0.036309176;934.1907155;1169.436734;10.75;-194.4645161
06/10/2024;5.530926667;5.944090588;0.036309176;934.1907155;1169.436734;10.75;-194.4645161
07/10/2024;5.4626;5.9963;0.03688;795.601459;839.2167819;10.75;-194.4645161
08/10/2024;5.5197;6.0551;0.03724;710.8471658;1262.506162;10.75;-194.4645161
09/10/2024;5.5737;6.1038;0.03736;897.2850367;1220.497765;10.75;-194.4645161
10/10/2024;5.5819;6.0988;0.03757;751.2286514;1024.283686;10.75;-194.4645161
11/10/2024;5.6263;6.1563;0.03773;749.6527776;1112.260739;10.75;-194.4645161
12/10/2024;5.530926667;5.944090588;0.036309176;934.1907155;1169.436734;10.75;-194.4645161
13/10/2024;5.530926667;5.944090588;0.036309176;934.1907155;1169.436734;10.75;-194.4645161
14/10/2024;5.6045;6.1134;0.03741;747.1772283;668.5883844;10.75;-194.4645161
15/10/2024;5.6378;6.1446;0.03778;951.0059731;2314.916913;10.75;-194.4645161
16/10/2024;5.6749;6.1703;0.03791;874.8578289;913.4614938;10.75;-194.4645161
17/10/2024;5.6758;6.1509;0.03781;882.1894069;832.7077036;10.75;-194.4645161
18/10/2024;5.6672;6.1512;0.03789;736.2282402;974.4062198;10.75;-194.4645161
19/10/2024;5.530926667;5.944090588;0.036309176;934.1907155;1169.436734;10.75;-194.4645161
20/10/2024;5.530926667;5.944090588;0.036309176;934.1907155;1169.436734;10.75;-194.4645161
21/10/2024;5.7068;6.1753;0.03793;830.121158;903.388619;10.75;-194.4645161
22/10/2024;5.6958;6.1543;0.0377;1586.019888;1458.850562;10.75;-194.4645161
23/10/2024;5.7149;6.1607;0.0374;1486.499081;1592.049982;10.75;-194.4645161
24/10/2024;5.7087;6.1677;0.03759;1202.897779;1263.086746;10.75;-194.4645161
25/10/2024;5.6969;6.1601;0.03746;895.4782969;755.570838;10.75;-194.4645161
26/10/2024;5.530926667;5.944090588;0.036309176;934.1907155;1169.436734;10.75;-194.4645161
27/10/2024;5.530926667;5.944090588;0.036309176;934.1907155;1169.436734;10.75;-194.4645161
28/10/2024;5.6988;6.1655;0.0372;908.4974708;1485.111607;10.75;-194.4645161
29/10/2024;5.714;6.17;0.03723;1256.30088;2332.19372;10.75;-194.4645161
30/10/2024;5.7801;6.2795;0.03774;1135.366775;1359.57049;10.75;-194.4645161
31/10/2024;5.7779;6.2725;0.03792;688.0943055;1230.219554;10.75;-194.4645161
01/11/2024;5.8073;6.3003;0.03797;680.4454605;1196.515701;10.75;-107.1233333
02/11/2024;5.530926667;5.944090588;0.036309176;934.1907155;1169.436734;10.75;-107.1233333
03/11/2024;5.530926667;5.944090588;0.036309176;934.1907155;1169.436734;10.75;-107.1233333
04/11/2024;5.7898;6.3109;0.03809;990.0995593;631.6587079;10.75;-107.1233333
05/11/2024;5.7846;6.3069;0.03805;897.0298684;908.5711414;10.75;-107.1233333
06/11/2024;5.7648;6.1908;0.03735;1009.446298;830.1225299;10.75;-107.1233333
07/11/2024;5.6624;6.1216;0.03702;1172.988232;670.9071235;11.25;-107.1233333
08/11/2024;5.7648;6.1966;0.03782;581.3101959;716.3822682;11.25;-107.1233333
09/11/2024;5.530926667;5.944090588;0.036309176;934.1907155;1169.436734;11.25;-107.1233333
10/11/2024;5.530926667;5.944090588;0.036309176;934.1907155;1169.436734;11.25;-107.1233333
11/11/2024;5.798;6.1731;0.03769;812.5764955;552.0866733;11.25;-107.1233333
12/11/2024;5.7694;6.1213;0.03734;1186.089286;992.3675688;11.25;-107.1233333
13/11/2024;5.7713;6.1112;0.03724;1180.03508;1089.808452;11.25;-107.1233333
14/11/2024;5.7885;6.1213;0.03712;1067.692611;867.7621491;11.25;-107.1233333
15/11/2024;5.530926667;5.944090588;0.036309176;934.1907155;1169.436734;11.25;-107.1233333
16/11/2024;5.530926667;5.944090588;0.036309176;934.1907155;1169.436734;11.25;-107.1233333
17/11/2024;5.530926667;5.944090588;0.036309176;934.1907155;1169.436734;11.25;-107.1233333
18/11/2024;5.7603;6.0909;0.03717;1147.296909;665.871389;11.25;-107.1233333
19/11/2024;5.7743;6.1138;0.03751;1485.479857;1117.648316;11.25;-107.1233333
20/11/2024;5.530926667;5.944090588;0.036309176;934.1907155;1169.436734;11.25;-107.1233333
21/11/2024;5.8173;6.1146;0.0377;1488.065518;1776.231456;11.25;-107.1233333
22/11/2024;5.8124;6.0513;0.03753;1183.179521;868.8858621;11.25;-107.1233333
23/11/2024;5.530926667;5.944090588;0.036309176;934.1907155;1169.436734;11.25;-107.1233333
24/11/2024;5.530926667;5.944090588;0.036309176;934.1907155;1169.436734;11.25;-107.1233333
25/11/2024;5.8002;6.085;0.03757;1108.45734;1174.874346;11.25;-107.1233333
26/11/2024;5.799;6.0774;0.03779;1808.906613;1646.804359;11.25;-107.1233333
27/11/2024;5.8291;6.1625;0.03858;778.3979103;1643.455535;11.25;-107.1233333
28/11/2024;5.9871;6.3182;0.03951;555.4690206;1632.269048;11.25;-107.1233333
29/11/2024;6.0535;6.3943;0.04031;591.5612813;1731.32783;11.25;-107.1233333
30/11/2024;5.530926667;5.944090588;0.036309176;934.1907155;1169.436734;11.25;-107.1233333
01/12/2024;5.530926667;5.944090588;0.036309176;934.1907155;1169.436734;11.25;-291.3935484
02/12/2024;6.0634;6.349;0.04046;730.4796389;848.7916022;11.25;-291.3935484
03/12/2024;6.0707;6.3852;0.0407;876.9468813;1221.697928;11.25;-291.3935484
04/12/2024;6.0581;6.3792;0.04028;782.8237202;643.4351535;11.25;-291.3935484
05/12/2024;5.9849;6.3278;0.03984;926.3002361;888.9568816;11.25;-291.3935484
06/12/2024;6.0293;6.37;0.04023;645.1780185;985.0839685;11.25;-291.3935484
07/12/2024;5.530926667;5.944090588;0.036309176;934.1907155;1169.436734;11.25;-291.3935484
08/12/2024;5.530926667;5.944090588;0.036309176;934.1907155;1169.436734;11.25;-291.3935484
09/12/2024;6.057;6.4156;0.04011;732.6357266;666.3770838;11.25;-291.3935484
10/12/2024;6.0529;6.3586;0.03979;1074.774238;642.7849954;11.25;-291.3935484
11/12/2024;6.032;6.3282;0.03956;1070.542391;867.6016851;11.25;-291.3935484
12/12/2024;5.9408;6.2224;0.03901;1534.477096;1169.075469;12.25;-291.3935484
13/12/2024;6.04;6.336;0.03931;1140.612603;863.9062795;12.25;-291.3935484
14/12/2024;5.530926667;5.944090588;0.036309176;934.1907155;1169.436734;12.25;-291.3935484
15/12/2024;5.530926667;5.944090588;0.036309176;934.1907155;1169.436734;12.25;-291.3935484
16/12/2024;6.0509;6.3577;0.03924;819.5279868;1189.877245;12.25;-291.3935484
17/12/2024;6.1685;6.4769;0.04018;1345.889131;1265.488259;12.25;-291.3935484
18/12/2024;6.1624;6.4551;0.04001;1356.688053;2040.110258;12.25;-291.3935484
19/12/2024;6.1841;6.4197;0.03922;1589.458873;1347.164992;12.25;-291.3935484
20/12/2024;6.078;6.3199;0.03884;1268.3494;852.4158936;12.25;-291.3935484
21/12/2024;5.530926667;5.944090588;0.036309176;934.1907155;1169.436734;12.25;-291.3935484
22/12/2024;5.530926667;5.944090588;0.036309176;934.1907155;1169.436734;12.25;-291.3935484
23/12/2024;6.1612;6.4027;0.03922;860.4666473;1775.520701;12.25;-291.3935484
24/12/2024;6.1541;6.4027;0.03915;82.85251264;47.86188217;12.25;-291.3935484
25/12/2024;5.530926667;5.944090588;0.036309176;934.1907155;1169.436734;12.25;-291.3935484
26/12/2024;6.1656;6.4184;0.03901;1493.757823;2416.432772;12.25;-291.3935484
27/12/2024;6.1991;6.4613;0.03935;1337.064496;1493.367409;12.25;-291.3935484
28/12/2024;5.530926667;5.944090588;0.036309176;934.1907155;1169.436734;12.25;-291.3935484
29/12/2024;5.530926667;5.944090588;0.036309176;934.1907155;1169.436734;12.25;-291.3935484
30/12/2024;6.1923;6.4282;0.0394;829.6352282;1553.594398;12.25;-291.3935484
31/12/2024;6.1923;6.4363;0.03947;934.1907155;1169.436734;12.25;-291.3935484
01/01/2025;5.530926667;5.944090588;0.036309176;934.1907155;1169.436734;12.25;-157.1466176
02/01/2025;6.2086;6.3793;0.03952;864.3297499;834.8868567;12.25;-157.1466176
03/01/2025;6.1563;6.3342;0.03911;793.3447057;850.4401509;12.25;-157.1466176
04/01/2025;5.530926667;5.944090588;0.036309176;934.1907155;1169.436734;12.25;-157.1466176
05/01/2025;5.530926667;5.944090588;0.036309176;934.1907155;1169.436734;12.25;-157.1466176
06/01/2025;6.1119;6.3533;0.03881;956.1645806;817.5438246;12.25;-157.1466176
07/01/2025;6.0741;6.3013;0.03846;1041.10638;625.7748504;12.25;-157.1466176
08/01/2025;6.1321;6.3179;0.03872;868.3547818;929.6626797;12.25;-157.1466176
09/01/2025;6.0896;6.2723;0.03855;1386.812856;530.6089374;12.25;-157.1466176
10/01/2025;6.0965;6.2501;0.0387;669.8652081;730.5416358;12.25;-157.1466176
11/01/2025;5.530926667;5.944090588;0.036309176;934.1907155;1169.436734;12.25;-157.1466176
12/01/2025;5.530926667;5.944090588;0.036309176;934.1907155;1169.436734;12.25;-157.1466176
13/01/2025;6.1079;6.2288;0.03878;923.8953506;916.4274509;12.25;-157.1466176
14/01/2025;6.0671;6.2461;0.03841;1339.479372;996.9802554;12.25;-157.1466176
15/01/2025;6.0377;6.2231;0.03864;1238.126542;884.3795795;12.25;-157.1466176
16/01/2025;6.0322;6.2144;0.03881;968.6736494;1179.071897;12.25;-157.1466176
17/01/2025;6.0609;6.2427;0.03883;831.8058067;898.5813328;12.25;-157.1466176
18/01/2025;5.530926667;5.944090588;0.036309176;934.1907155;1169.436734;12.25;-157.1466176
19/01/2025;5.530926667;5.944090588;0.036309176;934.1907155;1169.436734;12.25;-157.1466176
20/01/2025;6.0498;6.2924;0.03886;783.9106116;272.8660095;12.25;-157.1466176
21/01/2025;6.044;6.2864;0.03892;1424.969806;663.6044664;12.25;-157.1466176
22/01/2025;5.9674;6.218;0.03816;1332.253764;928.1445358;12.25;-157.1466176
23/01/2025;5.9399;6.1757;0.03804;1349.664296;970.1191061;12.25;-157.1466176
24/01/2025;5.8925;6.1971;0.03784;1057.118724;676.0880843;12.25;-157.1466176
25/01/2025;5.530926667;5.944090588;0.036309176;934.1907155;1169.436734;12.25;-157.1466176
26/01/2025;5.530926667;5.944090588;0.036309176;934.1907155;1169.436734;12.25;-157.1466176
27/01/2025;5.9272;6.2236;0.0384;722.6319673;822.4242525;12.25;-157.1466176
28/01/2025;5.893;6.1435;0.03785;1195.709765;1172.538708;12.25;-157.1466176
29/01/2025;5.8596;6.1063;0.03781;813.0566466;2126.517172;12.25;-157.1466176
30/01/2025;5.9006;6.1555;0.03828;735.4819625;1046.281049;13.25;-157.1466176
31/01/2025;5.8301;6.0616;0.03765;677.3357954;877.4182472;13.25;-157.1466176
01/02/2025;5.530926667;5.944090588;0.036309176;934.1907155;1169.436734;13.25;-157.1466176
02/02/2025;5.530926667;5.944090588;0.036309176;934.1907155;1169.436734;13.25;-157.1466176
03/02/2025;5.8687;6.053;0.03792;654.3331889;595.4398999;13.25;-157.1466176
04/02/2025;5.7927;6.0134;0.03746;1063.396635;515.5872352;13.25;-157.1466176
05/02/2025;5.7997;6.045;0.03812;668.557267;680.7456135;13.25;-157.1466176
06/02/2025;5.7856;5.9997;0.03814;805.7201356;614.6129138;13.25;-157.1466176
07/02/2025;5.7557;5.9595;0.03802;564.9372511;809.6800801;13.25;-157.1466176
08/02/2025;5.530926667;5.944090588;0.036309176;934.1907155;1169.436734;13.25;-157.1466176
09/02/2025;5.530926667;5.944090588;0.036309176;934.1907155;1169.436734;13.25;-157.1466176
10/02/2025;5.7808;5.9641;0.03813;679.5034876;683.411831;13.25;-157.1466176
11/02/2025;5.7788;5.9753;0.0379;684.4225562;608.8588798;13.25;-157.1466176
12/02/2025;5.7711;5.9875;0.03737;947.6416909;811.9474906;13.25;-157.1466176
13/02/2025;5.7788;6.0296;0.03774;878.7067993;905.4363068;13.25;-157.1466176
14/02/2025;5.7283;6.0199;0.03765;795.8776068;810.3330699;13.25;-157.1466176
15/02/2025;5.530926667;5.944090588;0.036309176;934.1907155;1169.436734;13.25;-157.1466176
16/02/2025;5.530926667;5.944090588;0.036309176;934.1907155;1169.436734;13.25;-157.1466176
17/02/2025;5.7105;5.9846;0.03773;934.1907155;1169.436734;13.25;-157.1466176
18/02/2025;5.6979;5.964;0.03757;934.1907155;1169.436734;13.25;-157.1466176
19/02/2025;5.7087;5.9513;0.0377;934.1907155;1169.436734;13.25;-157.1466176
20/02/2025;5.7019;5.9722;0.03814;934.1907155;1169.436734;13.25;-157.1466176
21/02/2025;5.7027;5.9622;0.03814;934.1907155;1169.436734;13.25;-157.1466176
